,Year,Loss of Mass(billion metric tons per year)
0,2002,2.7142857142857144
1,2003,109.81818181818181
2,2004,256.3333333333333
3,2005,223.5
4,2006,124.66666666666667
5,2007,310.8333333333333
6,2008,581.5
7,2009,557.5
8,2010,835.8333333333334
9,2011,932.5555555555555
10,2012,1066.090909090909
11,2013,1275.7777777777778
12,2014,1485.7777777777778
13,2015,1837.0
14,2016,1758.0
15,2017,1790.6
16,2018,2137.0
17,2019,2258.5
18,2020,2527.5833333333335
19,2021,2664.285714285714
